,Atom_type,Res_type,Grad,Offset
CBm1_P,CBm1,P,-0.6061780401653496,19.245791942693206
CBm1_K,CBm1,K,-0.2452764653964024,8.20470360334549
CBm1_I,CBm1,I,-0.27970753981613145,10.942973706188356
CBm1_V,CBm1,V,-0.22106491569824643,7.4248719238949015
CBm1_W,CBm1,W,-0.3120809796475941,9.604708975884364
CBm1_N,CBm1,N,-0.4778207835428013,18.556341979261454
CBm1_R,CBm1,R,-0.2857050846110827,8.982076147344126
CBm1_F,CBm1,F,-0.3408957037833847,13.856735316113262
CBm1_E,CBm1,E,-0.3108604248367276,9.318065937909061
CBm1_T,CBm1,T,-0.3908880376371802,27.5561209989199
CBm1_D,CBm1,D,-0.4760341809591177,19.51006410585029
CBm1_H,CBm1,H,-0.49389067018285215,14.819747427354779
CBm1_A,CBm1,A,-0.29539575533020684,5.731400703489722
CBm1_Y,CBm1,Y,-0.2784782470625433,11.214263260444847
CBm1_M,CBm1,M,-0.39682163418424693,13.368082943176436
CBm1_L,CBm1,L,-0.3344276817541796,14.234721719775303
CBm1_C,CBm1,C,-0.13671405131448622,4.172689594193303
CBm1_S,CBm1,S,-0.3117425440812886,19.92837107927794
CBm1_Q,CBm1,Q,-0.28205038872024435,8.4389620384785
CAm1_P,CAm1,P,-0.3213999434971722,20.57105498496681
CAm1_K,CAm1,K,-0.14553387541689383,8.259099858321724
CAm1_I,CAm1,I,-0.1522577447147189,9.394911445363753
CAm1_V,CAm1,V,-0.11442289977221104,7.160997025580792
CAm1_W,CAm1,W,-0.26947531244232753,15.740674510651504
CAm1_N,CAm1,N,-0.20556712054401144,11.00015464418521
CAm1_R,CAm1,R,-0.1949567078773523,10.994871342729875
CAm1_F,CAm1,F,-0.25158137281496096,14.606097704793479
CAm1_E,CAm1,E,-0.15761944180190737,9.103658529974956
CAm1_T,CAm1,T,-0.1609567449884261,10.036903428245543
CAm1_D,CAm1,D,-0.19941091835618716,10.885108979808274
CAm1_H,CAm1,H,-0.2763928999759063,15.548531629236699
CAm1_A,CAm1,A,-0.15066604826699295,8.007073749652147
CAm1_Y,CAm1,Y,-0.2878344791152818,16.735197236893843
CAm1_M,CAm1,M,-0.1681928672170209,9.400495873866678
CAm1_L,CAm1,L,-0.13120157493388396,7.326620327836606
CAm1_C,CAm1,C,-0.3223263599694807,18.493615577031683
CAm1_S,CAm1,S,-0.1810301566023003,10.629597953003122
CAm1_G,CAm1,G,-0.312910993724369,14.23394232650324
CAm1_Q,CAm1,Q,-0.16657666057738282,9.432495418642715
CB_P,CB,P,-0.6060494291990257,19.23542770799462
CB_K,CB,K,-0.24101473814632043,8.052727979680153
CB_I,CB,I,-0.28133425356348624,11.010338355432218
CB_V,CB,V,-0.22436292407949743,7.540040539343153
CB_W,CB,W,-0.31504264164698653,9.69521572326871
CB_N,CB,N,-0.4687814456973256,18.203455239527408
CB_R,CB,R,-0.2886181627071684,9.070034675162589
CB_F,CB,F,-0.346759118085515,14.08353769440236
CB_E,CB,E,-0.312087617830911,9.350560433392682
CB_T,CB,T,-0.39277846890447254,27.686496285203678
CB_D,CB,D,-0.4815475323603308,19.741406926162387
CB_H,CB,H,-0.4989428518963647,15.013855309816675
CB_A,CB,A,-0.23966145561616606,4.660648473914507
CB_Y,CB,Y,-0.2756631254489682,11.083614516335757
CB_M,CB,M,-0.40114057173611,13.49314257635447
CB_L,CB,L,-0.33470952454195096,14.240712855465048
CB_C,CB,C,-0.13704146931901667,4.209069632119433
CB_S,CB,S,-0.30836798618357547,19.711953671054083
CB_Q,CB,Q,-0.2834606442346626,8.478595949754936
H_K,H,K,-0.37684610869221447,3.094190546137235
H_I,H,I,-0.2867183857392965,2.368128688386262
H_V,H,V,-0.3955213439655822,3.2938633703063944
H_W,H,W,-0.31560782603556886,2.660696578418293
H_N,H,N,-0.45279070029732404,3.7853878562857157
H_R,H,R,-0.3901437765397998,3.238603583966223
H_F,H,F,-0.33179147912671203,2.8158213759869923
H_E,H,E,-0.46408266121646413,3.91015394790976
H_T,H,T,-0.46629804843578376,3.863773984157778
H_D,H,D,-0.4781893603339242,3.967358896912029
H_H,H,H,-0.4565168903438352,3.817595011320637
H_A,H,A,-0.369732500567732,3.049683452996781
H_Y,H,Y,-0.3123930053318189,2.6324999410774503
H_M,H,M,-0.42476987632494956,3.5360890114709256
H_L,H,L,-0.3299689241199396,2.7555909829346468
H_C,H,C,-0.4531020433236938,3.784830922266502
H_S,H,S,-0.40776845483175284,3.398234881960845
H_G,H,G,-0.372797890143672,3.1192039111245227
H_Q,H,Q,-0.4559019423699734,3.7332387914650806
C_P,C,P,-0.5199704210230618,92.05573468566082
C_K,C,K,-0.2016604974177794,35.6238845542832
C_I,C,I,-0.27424068398627166,48.29906709301606
C_V,C,V,-0.279155039323812,49.00676899190478
C_W,C,W,-0.29904869306530263,52.74795317704518
C_N,C,N,-0.35880021465876544,62.86290560285484
C_R,C,R,-0.2978689207283527,52.50921258402174
C_F,C,F,-0.32514913631849335,57.09530788887323
C_E,C,E,-0.2565269460183119,45.48211587391663
C_T,C,T,-0.4048603485735934,70.57844749758056
C_D,C,D,-0.3561592871093149,62.85637788901993
C_H,C,H,-0.3183145642115267,55.53221872740551
C_A,C,A,-0.27468871907418035,48.766751062452464
C_Y,C,Y,-0.3641124958580573,63.73227956490385
C_M,C,M,-0.3087449764543723,54.43906602982211
C_L,C,L,-0.27668961696910555,49.07169239456882
C_C,C,C,-0.4262672121117967,74.19347277337458
C_S,C,S,-0.34027194908030595,59.34368250468687
C_G,C,G,-0.504863037527937,87.8573708897028
C_Q,C,Q,-0.23088128998298862,40.72941855780199
CA_P,CA,P,-0.31974659414688095,20.467149035464654
CA_K,CA,K,-0.1464779646220915,8.318802277793772
CA_I,CA,I,-0.15336276909954594,9.472871782303814
CA_V,CA,V,-0.11970960569632179,7.489189113131737
CA_W,CA,W,-0.27297254316859226,15.929864636992518
CA_N,CA,N,-0.20988352408003097,11.222546876419743
CA_R,CA,R,-0.1966958423481544,11.098311993130137
CA_F,CA,F,-0.24929781779510587,14.466877827191965
CA_E,CA,E,-0.1531771474378019,8.85283918052049
CA_T,CA,T,-0.15994843811322704,9.977650263134375
CA_D,CA,D,-0.20212259100999141,11.028289388575983
CA_H,CA,H,-0.2762245363885161,15.50393608270065
CA_A,CA,A,-0.12841351735461756,6.823720655928213
CA_Y,CA,Y,-0.28633169212018567,16.6519290615726
CA_M,CA,M,-0.16946310902331674,9.453367422050631
CA_L,CA,L,-0.12865114075114842,7.190202768800268
CA_C,CA,C,-0.31822208870834595,18.245519067798394
CA_S,CA,S,-0.1910489202712583,11.226070215755477
CA_G,CA,G,-0.31083862504318366,14.148508320938147
CA_Q,CA,Q,-0.17125293235863293,9.703127314917511
HA_P,HA,P,-0.245727771340777,1.0404369877862725
HA_K,HA,K,-0.16224256804995388,0.7046308265894644
HA_I,HA,I,-0.11454362154332574,0.5253066742505181
HA_V,HA,V,-0.12112391191399188,0.5370069050486236
HA_W,HA,W,-0.12639102122732662,0.5792962273898992
HA_N,HA,N,-0.26922960118743944,1.27296765591025
HA_R,HA,R,-0.19077172597176778,0.8487778103223401
HA_F,HA,F,-0.19055196041560435,0.914138452558114
HA_E,HA,E,-0.15132655539951614,0.6692077461233925
HA_T,HA,T,-0.20160464189968139,0.8939094038100853
HA_D,HA,D,-0.3506218035117662,1.5969031395474105
HA_H,HA,H,-0.22375540019404128,1.0700176088017745
HA_A,HA,A,-0.155263153222764,0.6673397808455734
HA_Y,HA,Y,-0.14425520371416417,0.6791043330997957
HA_M,HA,M,-0.2280855926157037,1.0272543973053399
HA_L,HA,L,-0.13206433402705167,0.5774427034116095
HA_C,HA,C,-0.22544183615508243,1.1067287371253214
HA_S,HA,S,-0.24870835700923383,1.15056117934931
HA_Q,HA,Q,-0.17160841259271944,0.7480173663437272
N_K,N,K,-0.32429959543215575,38.96195575889007
N_I,N,I,-0.31492580653086927,38.34751322160858
N_V,N,V,-0.36291417500039747,44.11455390457025
N_W,N,W,-0.3491610285822935,42.062768674057175
N_N,N,N,-0.36048062398271846,42.62870198614116
N_R,N,R,-0.361609745047133,43.58640969994721
N_F,N,F,-0.32818718668013785,39.584591350376705
N_E,N,E,-0.2916271227828597,35.25395940995534
N_T,N,T,-0.36600567207331397,42.06979849853361
N_D,N,D,-0.3295057652540192,39.727220563081396
N_H,N,H,-0.3647416185870777,42.95906185845416
N_A,N,A,-0.3152511102830333,38.90005429121953
N_Y,N,Y,-0.37716144693481335,45.370755919785886
N_M,N,M,-0.2722756338598147,32.720637775815064
N_L,N,L,-0.2658371263218287,32.551864866787604
N_C,N,C,-0.32161968972505267,37.55621556385762
N_S,N,S,-0.3789769723593499,44.037655597180645
N_G,N,G,-0.36418584750361244,39.7183201929065
N_Q,N,Q,-0.3542761632110853,42.42228085979866
Cm1_P,Cm1,P,-0.5212065248016007,92.2543828399022
Cm1_K,Cm1,K,-0.19264980284540212,34.02699177033284
Cm1_I,Cm1,I,-0.2731802792095185,48.10573932156676
Cm1_V,Cm1,V,-0.2676222497338699,46.97949208531398
Cm1_W,Cm1,W,-0.29870805267586514,52.68696414182685
Cm1_N,Cm1,N,-0.35834225684098153,62.76424857831073
Cm1_R,Cm1,R,-0.29679479858667557,52.317520960027394
Cm1_F,Cm1,F,-0.32710815471096244,57.45285921974064
Cm1_E,Cm1,E,-0.25582420451901994,45.3546944040104
Cm1_T,Cm1,T,-0.3999288349007985,69.72018935887479
Cm1_D,Cm1,D,-0.35145039813859585,62.02532550804424
Cm1_H,Cm1,H,-0.30810220449249753,53.78795137081078
Cm1_A,Cm1,A,-0.2629175574045959,46.68180328981368
Cm1_Y,Cm1,Y,-0.3647452217832751,63.83808613715259
Cm1_M,Cm1,M,-0.3301651551326903,58.235397772009456
Cm1_L,Cm1,L,-0.26459699483985016,46.92899579745897
Cm1_C,Cm1,C,-0.41250500478697943,71.7700004274476
Cm1_S,Cm1,S,-0.3261896425153002,56.89485016959815
Cm1_G,Cm1,G,-0.49693619758750357,86.45904587000491
Cm1_Q,Cm1,Q,-0.22099197927938452,38.97930022021183
